{"cameraMode":{"drawMode":0,"name":"Shaded","section":"Shading Mode"},"sceneLighting":true,"audioPlay":false,"sceneViewState":{"showFog":true,"showMaterialUpdate":false,"showSkybox":true,"showFlares":true,"showImageEffects":true,"showParticleSystems":true},"in2DMode":false,"pivot":{"x":0.6461038589477539,"y":-2.0520272254943849,"z":2.251415967941284},"rotation":{"x":-0.19045528769493104,"y":0.594366192817688,"z":-0.147537961602211,"w":-0.7672610878944397},"size":7.610431671142578,"orthographic":false}