{"cameraMode":{"drawMode":0,"name":"Shaded","section":"Shading Mode"},"sceneLighting":true,"audioPlay":false,"sceneViewState":{"showFog":true,"showMaterialUpdate":false,"showSkybox":true,"showFlares":true,"showImageEffects":true,"showParticleSystems":true},"in2DMode":false,"pivot":{"x":-1.5982089042663575,"y":3.846614122390747,"z":-0.11701154708862305},"rotation":{"x":-0.0000035326577290106799,"y":1.0000029802322388,"z":0.0021019289270043375,"w":0.00329599529504776},"size":7.282415866851807,"orthographic":true}