{"cameraMode":{"drawMode":0,"name":"Shaded","section":"Shading Mode"},"sceneLighting":true,"audioPlay":false,"sceneViewState":{"showFog":true,"showMaterialUpdate":false,"showSkybox":true,"showFlares":true,"showImageEffects":true,"showParticleSystems":true},"in2DMode":false,"pivot":{"x":489.9339294433594,"y":224.459716796875,"z":-32.93060302734375},"rotation":{"x":0.10400322824716568,"y":0.0047587440349161629,"z":0.00047969474690034986,"w":-0.9945863485336304},"size":137.5806121826172,"orthographic":false}