{"cameraMode":{"drawMode":0,"name":"Shaded","section":"Shading Mode"},"sceneLighting":false,"audioPlay":false,"sceneViewState":{"showFog":true,"showMaterialUpdate":false,"showSkybox":false,"showFlares":true,"showImageEffects":true,"showParticleSystems":true},"in2DMode":false,"pivot":{"x":0.1676090806722641,"y":-0.4101836383342743,"z":-0.3041759133338928},"rotation":{"x":-0.2632194459438324,"y":0.6561240553855896,"z":-0.26306116580963137,"w":-0.6565191149711609},"size":3.418053150177002,"orthographic":false}