{"cameraMode":{"drawMode":0,"name":"Shaded","section":"Shading Mode"},"sceneLighting":false,"audioPlay":false,"sceneViewState":{"showFog":true,"showMaterialUpdate":false,"showSkybox":false,"showFlares":true,"showImageEffects":true,"showParticleSystems":true},"in2DMode":false,"pivot":{"x":-2.274054527282715,"y":-1.247800350189209,"z":0.19743555784225465},"rotation":{"x":-0.23370563983917237,"y":0.10534632951021195,"z":-0.025482140481472017,"w":-0.9662562012672424},"size":1.4177446365356446,"orthographic":false}