{"cameraMode":{"drawMode":0,"name":"Shaded","section":"Shading Mode"},"sceneLighting":false,"audioPlay":false,"sceneViewState":{"showFog":true,"showMaterialUpdate":false,"showSkybox":false,"showFlares":true,"showImageEffects":true,"showParticleSystems":true},"in2DMode":false,"pivot":{"x":-5.9530205726623539,"y":-1.5792584419250489,"z":-1.545789122581482},"rotation":{"x":0.22446534037590028,"y":-0.02980719320476055,"z":-0.006871494930237532,"w":-0.9740118980407715},"size":0.7115103602409363,"orthographic":false}