{"cameraMode":{"drawMode":0,"name":"Shaded","section":"Shading Mode"},"sceneLighting":false,"audioPlay":false,"sceneViewState":{"showFog":true,"showMaterialUpdate":false,"showSkybox":false,"showFlares":true,"showImageEffects":true,"showParticleSystems":true},"in2DMode":false,"pivot":{"x":-0.23099994659423829,"y":-4.866000175476074,"z":0.0},"rotation":{"x":-0.0003078739100601524,"y":0.11136619001626969,"z":-0.000033620995964156464,"w":-0.9937915802001953},"size":14.672481536865235,"orthographic":false}