{"cameraMode":{"drawMode":0,"name":"Shaded","section":"Shading Mode"},"sceneLighting":false,"audioPlay":false,"sceneViewState":{"showFog":true,"showMaterialUpdate":false,"showSkybox":false,"showFlares":true,"showImageEffects":true,"showParticleSystems":true},"in2DMode":false,"pivot":{"x":4.774951934814453,"y":17.39329719543457,"z":-8.307653427124024},"rotation":{"x":-0.00700803566724062,"y":0.992931067943573,"z":-0.07791518419981003,"w":-0.0893043577671051},"size":24.408090591430665,"orthographic":false}